,0
gold coin,31
buy gold,24
gold price,23
gold silver,21
physical gold,21
buying gold,20
gold bar,17
oz gold,12
gold eagle,11
gold standard,8
best way,8
gold bullion,7
gold stack,7
silver gold,7
american gold,7
new gold,7
perth mint,6
invest gold,6
paper gold,6
need advice,6
gold stock,6
selling gold,6
gold piece,6
year ago,6
american gold eagle,6
spot price,6
sell gold,6
jm bullion,6
gold spot,6
ounce gold,5
good deal,5
way buy,5
precious metal,5
gold right,5
price gold,5
gold jewelry,5
thought guy,4
toilet paper,4
maple leaf,4
gold rush,4
piece gold,4
gold buffalo,4
gold oz,4
gram gold,4
month ago,4
pamp suisse,4
federal reserve,4
gold platinum,4
best way buy,4
gram bar,4
gold silver,50
buy gold,40
gold price,36
gold coin,35
physical gold,30
spot price,26
oz gold,24
gold bar,23
buying gold,19
precious metal,16
gold dollar,16
jm bullion,15
gold stock,14
gold gold,14
price gold,14
stock market,14
ounce gold,13
gold eagle,13
dollar gold,12
oz coin,12
gold standard,12
make sense,11
central bank,10
sale tax,10
invest gold,10
value gold,10
thanks advance,9
investing gold,9
ounce coin,9
best way,9
bullion coin,9
dollar euro,9
american eagle,8
let know,8
know gold,8
hey guy,8
want buy,8
silver coin,8
fiat currency,8
bar coin,8
bought gold,8
buy ounce,7
gold like,7
long term,7
gold dollar euro,7
coin bar,7
american gold,7
looking buy,7
new gold,6
perth mint,6
gold coin,26
gold price,16
buying gold,16
buy gold,16
gold bar,15
gold silver,14
physical gold,13
gold eagle,8
gold stack,7
gold bullion,7
oz gold,7
best way,6
gold stock,6
need advice,5
jm bullion,5
gold jewelry,5
gold spot,5
silver gold,5
perth mint,5
american gold,5
ounce gold,4
peter schiff,4
selling gold,4
gold piece,4
sell gold,4
pamp suisse,4
federal reserve,4
buy gol,4
new gold,4
american gold eagle,4
time buy gold,3
royal mint,3
time buy,3
bought gold,3
good time,3
physical gol,3
oz american,3
started collecting,3
bar coin,3
gold bug,3
stock market,3
way buy,3
american eagle,3
buying physical,3
gold little,3
gold platinum,3
best way buy,3
bullion coin,3
gram bar,3
price difference,3
